uniref,ec
UNMAPPED,0
UniRef90_V1EAX6,0
UniRef90_D1KAJ3,0
UniRef90_A8RZB5,0
UniRef90_A7AJP8,0
UniRef90_D0TKA0,0
UniRef90_S0GJR7,0
UniRef90_A5KP23,0
UniRef90_A7ACF2,0
UniRef90_A5ZLI4,0
UniRef90_A5KRL0,0
UniRef90_UPI0001532979,0
UniRef90_B5CUP9,0
UniRef90_unknown,0
UniRef90_UPI000156FA79,0
UniRef90_A5ZQM1,0
UniRef90_A5KR94,0
UniRef90_R9J210,0
UniRef90_A7AJP9,0
UniRef90_B1QRR6,0
UniRef90_S7K4H7,0
UniRef90_B3C522,0
UniRef90_A5Z2Z6,0
UniRef90_A5KR92,0
UniRef90_W8YEK8,0
UniRef90_K0WTB3,0
UniRef90_A7VD49,0
UniRef90_A7B5X1,0
UniRef90_G9S8W7,0
UniRef90_W1YU10,0
UniRef90_E0XVH4,0
UniRef90_W1WT70,0
UniRef90_A5KMC2,0
UniRef90_UPI0001DE5DFE,0
UniRef90_D9UEL3,0
UniRef90_D1KAJ2,0
UniRef90_UPI00015BEA70,0
UniRef90_A7SPZ4,0
UniRef90_B5CLP5,0
UniRef90_A7VEU0,0
UniRef90_W2CMU2,0
UniRef90_E9RZN0,0
UniRef90_W8YNF3,0
UniRef90_Q3RFD0,0
UniRef90_A8ST13,0
UniRef90_E0MU53,0
UniRef90_B1A1E2,0
UniRef90_UPI00019656B7,0
UniRef90_D5GZ89,0
UniRef90_UPI00019660E0,0
UniRef90_N2B405,0
UniRef90_A5Z319,0
UniRef90_A7B8Q0,0
UniRef90_B0NWG2,0
UniRef90_B0NEX9,0
UniRef90_A8SIA6,0
UniRef90_F1YWH0,0
UniRef90_A7B6K2,0
UniRef90_T0NDH0,0
UniRef90_W4SH06,0
UniRef90_R9D7R0,0
UniRef90_A5KR91,0
UniRef90_A0A015S3B6,0
UniRef90_A6BKY7,0
UniRef90_R0CI69,0
UniRef90_K6AGA7,0
UniRef90_D4CI29,0
UniRef90_A5ZYU5,0
UniRef90_T1DKC0,0
UniRef90_W9ES03,0
UniRef90_D4PZQ0,0
UniRef90_I0UD96,0
UniRef90_H4BMF2,0
UniRef90_J7TUV6,0
UniRef90_K6AYS9,0
UniRef90_E3ZUM0,0
UniRef90_A5KRI2,0
UniRef90_M1XNQ3,0
UniRef90_D4VKI7,2.7.7.49
UniRef90_W6U045,0
UniRef90_N1ZD63,0
UniRef90_D1YGT1,0
UniRef90_G7SQ06,0
UniRef90_K5ZUN2,0
UniRef90_G6AJF3,0
UniRef90_K5ZU07,0
UniRef90_UPI0001FD331E,0
UniRef90_A8S6F0,0
UniRef90_K6AQ86,0
UniRef90_A6LE88,0
UniRef90_UPI0002487685,0
UniRef90_A0A016JHV3,0
UniRef90_K7F1M8,0
UniRef90_A5ZYU0,0
UniRef90_G1Q1K5,0
UniRef90_Q5L7N5,4.1.1.49
UniRef90_UPI000185C9BD,0
UniRef90_A0A026VT83,0
UniRef90_A4EB57,0
UniRef90_N2ASE1,0
UniRef90_R6XBD7,0
UniRef90_R6X5K9,0
UniRef90_K5ZBK6,0
UniRef90_R6WQ56,0
UniRef90_A6P028,0
UniRef90_G1Q6C2,0
UniRef90_N2BCN4,0
UniRef90_B1SBJ4,0
UniRef90_A5ZYV7,0
UniRef90_A7LQH0,0
UniRef90_K5YUI7,0
UniRef90_N1ZJP8,0
UniRef90_UPI0001C40BFB,0
UniRef90_R6WP78,0
UniRef90_K5YZ96,0
UniRef90_A5KRH1,0
UniRef90_K5ZGT5,0
UniRef90_D6S6C8,0
UniRef90_G1Q0M0,0
UniRef90_A6P027,0
UniRef90_N1ZRS8,0
UniRef90_C7T763,0
UniRef90_W8ZBZ9,0
UniRef90_A0A009X8S5,0
UniRef90_C9B2Y6,0
UniRef90_A6P026,0
UniRef90_K6AUL6,0
UniRef90_N1ZAM5,0
UniRef90_A0A059LT68,0
UniRef90_K5Z1A3,0
UniRef90_N2BCA3,0
UniRef90_Q5BXX7,0
UniRef90_N1Z3G2,0
UniRef90_N2B3F1,0
UniRef90_N2B7I2,0
UniRef90_K6A1K8,0
UniRef90_K5Y8F0,0
UniRef90_R5I7R5,0
UniRef90_UPI00035E867A,0
UniRef90_A8S539,0
UniRef90_N1ZDX1,0
UniRef90_K8EDY4,0
UniRef90_J7SHX6,0
UniRef90_F3R5J3,0
UniRef90_C7T764,0
UniRef90_L0CZD0,0
UniRef90_K5YVJ6,0
UniRef90_R6IBF4,0
UniRef90_C7TAR6,0
UniRef90_K6A0T5,0
UniRef90_K5ZGJ0,0
UniRef90_N1Z9E8,0
UniRef90_J3SBR0,0
UniRef90_N8DUV7,0
UniRef90_F7AA48,0
UniRef90_N1ZHM2,0
UniRef90_K7E4C1,0
UniRef90_UPI000468B91F,0
UniRef90_W8YEH7,0
UniRef90_N2AP30,0
UniRef90_C9TIJ6,0
UniRef90_A5ZYV5,0
UniRef90_F5IGB6,0
UniRef90_A6LHM8,0
UniRef90_N1Z6E2,0
UniRef90_K5ZUP3,0
UniRef90_A5ZQM3,0
UniRef90_M1Y8K3,0
UniRef90_N1Z5G2,0
UniRef90_D4V267,0
UniRef90_K4FXW8,0
UniRef90_G3N917,0
UniRef90_K4G302,0
UniRef90_A0A024PJX1,0
UniRef90_N1ZD44,0
UniRef90_A5ZYK8,0
UniRef90_N2B6Q5,0
UniRef90_K5ZU12,0
UniRef90_UPI00036D18AF,0
UniRef90_K5ZHP0,0
UniRef90_K5ZLD1,0
UniRef90_Q59199,1.2.1.12
UniRef90_H2CKQ3,0
UniRef90_UPI0001DA96E4,0
UniRef90_K5ZYN1,0
UniRef90_N2BJ19,0
UniRef90_A8SIA8,0
UniRef90_K5ZU03,0
UniRef90_R6WWF6,0
UniRef90_R6X4I3,0
UniRef90_K5ZF52,1.16.3.2
UniRef90_N1Z1T4,0
UniRef90_N2BGZ1,0
UniRef90_A6LEH4,0
UniRef90_K5ZVM8,0
UniRef90_K6A2W8,0
UniRef90_K6AX53,0
UniRef90_A6LEI5,0
UniRef90_C2EJM5,0
UniRef90_M1Y815,0
UniRef90_I7GIE7,0
UniRef90_E3ZBN0,0
UniRef90_UPI000365116A,0
UniRef90_W8YEG6,0
UniRef90_N1ZDH6,0
UniRef90_K5YUF9,0
UniRef90_R6XC92,0
UniRef90_A4QMB0,0
UniRef90_A6LA39,5.3.1.5
UniRef90_N1ZM68,0
UniRef90_S0GKA8,0
UniRef90_K5ZIB9,0
UniRef90_K6AMZ7,0
UniRef90_N1ZMZ6,0
UniRef90_R5DEI7,0
UniRef90_A5ZYU6,0
UniRef90_E5E781,0
UniRef90_K5Y2E2,0
UniRef90_A6L8E0,0
UniRef90_G6AI72,0
UniRef90_K5Y8F4,0
UniRef90_K5ZP27,2.6.1.52
UniRef90_K6A5E7,0
UniRef90_K7EZW6,0
UniRef90_B6A8G9,0
UniRef90_K5YMQ5,0
UniRef90_R6XD50,0
UniRef90_U3F7S4,0
UniRef90_Q4EE26,0
UniRef90_R6WWN2,0
UniRef90_N1ZS05,0
UniRef90_R5DA56,0
UniRef90_UPI00035E57DE,0
UniRef90_K5Z1Z5,0
UniRef90_K6AP50,0
UniRef90_N1Z2I5,0
UniRef90_C8MKY8,0
UniRef90_A0A014IHL6,0
UniRef90_N2AX94,0
UniRef90_R6WUS3,0
UniRef90_V2QF42,0
UniRef90_K6A5C7,0
UniRef90_K6A913,0
UniRef90_R6Y7R4,0
UniRef90_UPI000363CBF5,0
UniRef90_D5H1L5,0
UniRef90_K5Z035,0
UniRef90_K5ZA22,0
UniRef90_K5ZDK4,0
UniRef90_K5ZDM2,0
UniRef90_N2B1R4,0
UniRef90_N2B6P7,0
UniRef90_UPI0002B431B5,0
UniRef90_A6L8X7,0
UniRef90_A6LC65,0
UniRef90_A6LEH7,0
UniRef90_K5Z609,0
UniRef90_K5ZUM7,0
UniRef90_A6LCP4,0
UniRef90_K5Y132,0
UniRef90_K5Z9T8,0
UniRef90_N1Z5G6,0
UniRef90_N1ZMX5,2.7.7.27
UniRef90_V2RJ47,0
UniRef90_A7B8Q3,0
UniRef90_H4EII2,0
UniRef90_B7R8V4,0
UniRef90_K5ZUC5,0
UniRef90_K5ZYD5,0
UniRef90_K5ZYR5,0
UniRef90_N1ZMZ3,0
UniRef90_V2RN16,1.3.5.1
UniRef90_F7Z169,0
UniRef90_A5Z511,0
UniRef90_A6LE84,0
UniRef90_A6LEH2,0
UniRef90_S4W9Z3,0
UniRef90_K5ZGL6,0
UniRef90_V2QGD8,0
UniRef90_Q6QI74,0
UniRef90_A6LEG5,2.7.7.6
UniRef90_K5ZLY5,0
UniRef90_V2RKV7,0
UniRef90_V2V6I8,0
UniRef90_A6LBZ5,0
UniRef90_K5ZD17,0
UniRef90_UPI0003607AD2,0
UniRef90_F0Z1P9,0
UniRef90_K5Z222,0
UniRef90_K5ZDN3,0
UniRef90_K5ZGJ4,6.1.1.22
UniRef90_R5DPL5,0
UniRef90_A0A032ZLB1,0
UniRef90_E5VL83,0
UniRef90_UPI000203B445,0
UniRef90_F0Z3X8,0
UniRef90_Q29R63,0
UniRef90_A6LIG0,0
UniRef90_K5Y287,0
UniRef90_K6A2F0,0
UniRef90_K6AGP0,0
UniRef90_N2B3E4,0
UniRef90_Q4X4F3,0
UniRef90_R5DMA4,0
UniRef90_R6WRT3,3.4.11.18
UniRef90_UPI00041441B3,0
UniRef90_A5KRI7,0
UniRef90_A7B6Q1,0
UniRef90_N1ZLE9,0
UniRef90_N1ZLM4,0
UniRef90_C6JSD0,0
UniRef90_A6LDB7,0
UniRef90_K5Y8I3,0
UniRef90_K5Z292,0
UniRef90_R5DG80,0
UniRef90_R5DL45,0
UniRef90_UPI00036B3A1A,0
UniRef90_A6LEH6,0
UniRef90_A6LEJ5,0
UniRef90_K6A917,0
UniRef90_K6ARA2,0
UniRef90_S0GEK8,0
UniRef90_D4W6N4,0
UniRef90_J9GSU8,0
UniRef90_K5YM75,0
UniRef90_K5ZTS6,3.5.2.7
UniRef90_K6A3J3,0
UniRef90_K6A6V5,0
UniRef90_R5DHZ7,0
UniRef90_R5DS60,0
UniRef90_R6WZT4,0
UniRef90_A7ACD2,0
UniRef90_Q4YA27,0
UniRef90_V5XTJ0,0
UniRef90_F7F1I6,0
UniRef90_A6LEJ0,0
UniRef90_K5YUF0,0
UniRef90_K5ZBY7,0
UniRef90_K5ZU22,0
UniRef90_K5ZZ09,0
UniRef90_K5ZZ36,0
UniRef90_K6A2X3,0
UniRef90_N2BC18,0
UniRef90_E9I5F4,0
UniRef90_A7B8Q2,0
UniRef90_J9PBD2,0
UniRef90_A6LD11,0
UniRef90_A6LEI1,0
UniRef90_A6LEJ4,0
UniRef90_K5YXU2,0
UniRef90_K5YZD4,0
UniRef90_K5ZP71,0
UniRef90_K5ZUN5,0
UniRef90_K5ZV60,0
UniRef90_K5ZYJ6,0
UniRef90_K5ZYL8,5.1.3.3
UniRef90_K5ZZY7,0
UniRef90_K6AYR2,5.2.1.8
UniRef90_R6WWE4,3.5.3.1
UniRef90_V2QDD8,0
UniRef90_T3QY73,0
UniRef90_W1WNE7,0
UniRef90_R6WDS0,0
UniRef90_B7R8V5,0
UniRef90_Q4YHT4,0
UniRef90_UPI0001570E55,0
UniRef90_A6LA83,3.6.3.14
UniRef90_A6LE82,0
UniRef90_A6LEG6,0
UniRef90_K5YMP7,2.7.4.1
UniRef90_K5ZCY6,0
UniRef90_K5ZVN3,0
UniRef90_K5ZWD7,0
UniRef90_K6AQ64,0
UniRef90_N1ZJF3,2.7.7.27
UniRef90_N2ASM3,0
UniRef90_R6WWI4,0
UniRef90_R6X7I2,0
UniRef90_C7T9B1,0
UniRef90_N1ZGS6,0
UniRef90_Q4YI61,0
UniRef90_F6IL42,0
UniRef90_R4Y7A9,0
UniRef90_Q4YHX4,0
UniRef90_N1ZGF7,0
UniRef90_A6L8C6,6.1.1.6
UniRef90_A6L9B8,0
UniRef90_K5YVR2,0
UniRef90_K5Z0U6,0
UniRef90_K5Z1V4,0
UniRef90_K5ZHI9,0
UniRef90_K5ZTE3,0
UniRef90_K6A0B0,0
UniRef90_N2AJB7,0
UniRef90_R5DQI3,0
UniRef90_R6WPR5,0
UniRef90_R6WVE8,0
UniRef90_R7JNB8,0
UniRef90_V2QAD8,0
UniRef90_N4MKJ8,0
UniRef90_C3WU76,0
UniRef90_K5YVS1,0
UniRef90_K5ZKY9,0
UniRef90_K5ZRL7,0
UniRef90_K6A283,0
UniRef90_K6A3T3,0
UniRef90_K6AI55,0
UniRef90_K6ART3,0
UniRef90_N1Z1T6,0
UniRef90_N2AUT8,0
UniRef90_N2BBX4,0
UniRef90_R5DAK3,0
UniRef90_R7JAB6,6.1.1.14
UniRef90_V2Q9H9,0
UniRef90_C2EJM6,0
UniRef90_I7HKA6,0
UniRef90_A7VJ92,0
UniRef90_A6LHV2,3.5.99.6
UniRef90_K5ZHH6,0
UniRef90_K5ZHQ3,1.6.5.8
UniRef90_K5ZQT2,0
UniRef90_K6AAY4,0
UniRef90_N1ZDJ1,0
UniRef90_N2B5E8,0
UniRef90_N2BGY7,0
UniRef90_Q5L8Z8,1.1.1.37
UniRef90_R6WQD6,0
UniRef90_R6Y9M8,3.4.21.92
UniRef90_S4WA34,0
UniRef90_UPI00036189A4,0
UniRef90_UPI000369EBAD,0
UniRef90_W4KSI5,0
UniRef90_A1ELH4,0
UniRef90_A6LD69,2.7.4.3
UniRef90_A6LE85,0
UniRef90_K5YE79,0
UniRef90_K5YSH5,0
UniRef90_K5YXU8,0
UniRef90_K5ZPH1,0
UniRef90_K5ZRL6,0
UniRef90_K5ZUB7,0
UniRef90_K6A1W5,0
UniRef90_K6A254,0
UniRef90_K6A5N6,0
UniRef90_K6AHD3,0
UniRef90_K6APQ2,0
UniRef90_N2AZ82,0
UniRef90_N2B762,0
UniRef90_N2BA72,0
UniRef90_Q5C0F6,0
UniRef90_V2Q7R3,0
UniRef90_C7T9B0,0
UniRef90_A6L8J2,0
UniRef90_A6LEG8,0
UniRef90_A6LI78,0
UniRef90_K5Y4A2,0
UniRef90_K5Y6T0,0
UniRef90_K5YK89,0
UniRef90_K5Z513,0
UniRef90_K5ZB08,0
UniRef90_K5ZDW5,0
UniRef90_K5ZI94,0
UniRef90_K5ZP77,0
UniRef90_K6A1B3,0
UniRef90_K6A5K7,0
UniRef90_K6A729,0
UniRef90_K6AGE6,0
UniRef90_K6AI16,0
UniRef90_N2AZK3,0
UniRef90_R6X2N4,0
UniRef90_V2QA70,0
UniRef90_V2QFW0,0
UniRef90_V2QH00,0
UniRef90_V2QH38,0
UniRef90_S8D439,0
UniRef90_A6L8T3,2.1.2.10
UniRef90_A6LE69,0
UniRef90_A6LEI8,0
UniRef90_A6LEJ1,0
UniRef90_A6LER8,0
UniRef90_A6LHM7,0
UniRef90_K5Z0S6,0
UniRef90_K5Z515,0
UniRef90_K5Z5V5,0
UniRef90_K5ZBW2,0
UniRef90_K5ZEA4,0
UniRef90_K5ZGI3,0
UniRef90_K5ZHA2,0
UniRef90_K5ZNE1,0
UniRef90_K5ZUC0,0
UniRef90_K5ZZN4,0
UniRef90_K6A1W7,0
UniRef90_K6ABH1,0
UniRef90_R5DBX8,0
UniRef90_R6WKC0,1.3.1.9
UniRef90_R6WVL3,0
UniRef90_V2QH19,3.6.3.14
UniRef90_V2QLB9,0
UniRef90_B7R8V6,0
UniRef90_V9REV9,0
UniRef90_UPI00016311CD,0
UniRef90_C7TFZ2,0
UniRef90_D0TK89,0
UniRef90_N1ZJW4,0
UniRef90_A5ZYV6,0
UniRef90_A6LEG7,0
UniRef90_A6LFF0,5.3.1.1
UniRef90_A6LHM9,0
UniRef90_K5YVY3,0
UniRef90_K5YYL3,0
UniRef90_K5Z605,1.6.5.8
UniRef90_K5ZAV2,0
UniRef90_K5ZGR5,0
UniRef90_K5ZHV1,0
UniRef90_K5ZKZ9,0
UniRef90_K6A1B7,0
UniRef90_K6A6E4,0
UniRef90_N2AY46,0
UniRef90_N2B7Z8,0
UniRef90_N2B963,0
UniRef90_R5DGB3,0
UniRef90_R6WQF7,6.3.4.2
UniRef90_R6XY21,0
UniRef90_R7DIS8,0
UniRef90_R7JA49,2.7.4.22
UniRef90_V2PY83,2.7.2.4
UniRef90_V2PZ95,0
UniRef90_V2Q9Y5,0
UniRef90_Q4YHF0,0
UniRef90_G5AHY9,0
UniRef90_T1I6J1,0
UniRef90_A6L277,0
UniRef90_A2PD65,0
UniRef90_A6LCM9,0
UniRef90_A6LEH9,0
UniRef90_A6LID6,0
UniRef90_K5YU42,0
UniRef90_K5YVR7,0
UniRef90_K5ZGM1,0
UniRef90_K5ZJY9,0
UniRef90_K5ZLI4,0
UniRef90_K5ZV22,0
UniRef90_K5ZVB9,0
UniRef90_K6A1V8,0
UniRef90_K6A8H0,0
UniRef90_K6ABB5,0
UniRef90_K6APF5,0
UniRef90_K6AUB1,0
UniRef90_R6WRV3,2.7.7.7
UniRef90_R6XAC6,0
UniRef90_V2Q818,0
UniRef90_H9H5T7,0
UniRef90_M5RIP4,0
UniRef90_T0NDG4,0
UniRef90_D0G8Z7,0
UniRef90_A6L8Y4,0
UniRef90_A6LCV6,0
UniRef90_A6LEI6,0
UniRef90_A6LI32,4.3.1.3
UniRef90_K5YHK5,0
UniRef90_K5YLM7,0
UniRef90_K5YYK7,0
UniRef90_K5ZER9,0
UniRef90_K5ZGH3,5.1.3.3
UniRef90_K5ZRS4,0
UniRef90_K5ZVU6,0
UniRef90_K5ZYB1,0
UniRef90_K5ZZ88,0
UniRef90_K6A0W9,0
UniRef90_K6A3N9,0
UniRef90_K6A5M3,0
UniRef90_K6A691,0
UniRef90_N1ZCK9,0
UniRef90_N2ALN6,0
UniRef90_N2AT07,0
UniRef90_N2AY77,0
UniRef90_N2B2Y0,0
UniRef90_N2B4W5,0
UniRef90_N2BBM3,0
UniRef90_N2BCN2,0
UniRef90_Q8A6A5,0
UniRef90_R5DAQ5,0
UniRef90_R5DJ39,0
UniRef90_R6IQD3,0
UniRef90_R7JA67,2.3.1.179
UniRef90_V2QIA4,4.1.1.49
UniRef90_W1W9S2,0
UniRef90_UPI00021944FD,0
UniRef90_Q7R6V5,0
UniRef90_U5P1X6,0
UniRef90_W1WSC0,0
UniRef90_A6L9P3,0
UniRef90_A6LD62,0
UniRef90_A6LEI2,0
UniRef90_A6LEI9,0
UniRef90_E5EZL2,0
UniRef90_K5Y092,0
UniRef90_K5YC49,0
UniRef90_K5YRA8,0
UniRef90_K5YTG9,0
UniRef90_K5YUC6,0
UniRef90_K5Z076,0
UniRef90_K5Z3T2,0
UniRef90_K5Z655,0
UniRef90_K5ZEE2,0
UniRef90_K5ZFQ6,0
UniRef90_K5ZGL1,0
UniRef90_K5ZKY0,0
UniRef90_K5ZL77,0
UniRef90_K5ZLE3,0
UniRef90_K5ZP13,0
UniRef90_K5ZUG1,0
UniRef90_K5ZV13,0
UniRef90_K5ZZ67,0
UniRef90_K5ZZN3,0
UniRef90_K6A195,0
UniRef90_K6AG65,0
UniRef90_K6ARB6,0
UniRef90_K6ARN5,0
UniRef90_K6ATV0,0
UniRef90_N2APE3,0
UniRef90_N2AXQ6,0
UniRef90_N2B002,0
UniRef90_N2B3I1,0
UniRef90_N2B6Q0,0
UniRef90_N2BE22,0
UniRef90_R5D923,0
UniRef90_R5DP14,0
UniRef90_R6MJR0,0
UniRef90_R6X2P9,0
UniRef90_R6X568,0
UniRef90_R6X5R3,0
UniRef90_R7JHA5,0
UniRef90_V2QB06,0
UniRef90_V2QGX6,3.4.21.53
UniRef90_W1YRV6,0
UniRef90_A6KX84,0
UniRef90_A6L8C4,5.3.1.9
UniRef90_A6LA97,2.1.3.2
UniRef90_A6LFB1,5.4.2.12
UniRef90_A6LIX8,0
UniRef90_K5XZW3,1.16.3.1
UniRef90_K5Y084,0
UniRef90_K5Y667,0
UniRef90_K5Y825,2.7.4.6
UniRef90_K5YF32,0
UniRef90_K5YVM4,0
UniRef90_K5YYL5,0
UniRef90_K5YZD8,0
UniRef90_K5Z5W9,0
UniRef90_K5Z966,0
UniRef90_K5ZBN2,0
UniRef90_K5ZHF8,0
UniRef90_K5ZHM4,0
UniRef90_K5ZI82,0
UniRef90_K5ZLE9,0
UniRef90_K5ZMF5,0
UniRef90_K5ZMM1,0
UniRef90_K5ZMM5,0
UniRef90_K5ZNM3,0
UniRef90_K5ZST5,0
UniRef90_K5ZW88,0
UniRef90_K6A1G5,0
UniRef90_K6A1P5,0
UniRef90_K6A6R8,0
UniRef90_K6AH75,0
UniRef90_K6AUH3,0
UniRef90_N1ZLW3,0
UniRef90_N2AS04,0
UniRef90_N2AS56,0
UniRef90_N2ATR7,0
UniRef90_N2AW14,0
UniRef90_N2B889,0
UniRef90_Q64WK2,0
UniRef90_R5DFT6,1.11.1.6
UniRef90_R6UYJ3,0
UniRef90_R6WS16,0
UniRef90_R6X0H1,0
UniRef90_R6X7A7,0
UniRef90_R7JQI6,0
UniRef90_V2PWP7,0
UniRef90_V2Q1V0,0
UniRef90_V2Q813,0
UniRef90_V2QD74,0
UniRef90_V2QFB3,0
UniRef90_V2QI61,0
UniRef90_V2QKM4,0
UniRef90_I9BBE6,0
UniRef90_G3U320,0
UniRef90_U3TMC0,0
UniRef90_N1ZHD5,0
UniRef90_Q7R7C2,0
UniRef90_Q7R7S4,0
UniRef90_W9ERW3,0
UniRef90_C1NAN0,0
UniRef90_H1A175,0
UniRef90_UPI00036D956B,0
UniRef90_Q4YI79,0
UniRef90_R0LWV9,0
UniRef90_A6L9U9,0
UniRef90_A6LD04,6.3.5.2
UniRef90_A6LDN0,4.2.1.33
UniRef90_A6LEI4,0
UniRef90_A6LEM8,0
UniRef90_A6LF14,0
UniRef90_A6LHA8,0
UniRef90_A6LIX9,0
UniRef90_D6D2V9,0
UniRef90_K5Y097,0
UniRef90_K5Y5X9,0
UniRef90_K5Y6S4,0
UniRef90_K5YEF2,0
UniRef90_K5YEG1,0
UniRef90_K5YG52,0
UniRef90_K5YK56,0
UniRef90_K5YLX5,0
UniRef90_K5YMK8,0
UniRef90_K5YQW0,0
UniRef90_K5Z0A1,0
UniRef90_K5Z2B0,0
UniRef90_K5Z9H7,0
UniRef90_K5ZA33,0
UniRef90_K5ZDQ1,0
UniRef90_K5ZGU0,0
UniRef90_K5ZHQ6,1.6.5.8
UniRef90_K5ZLY1,0
UniRef90_K5ZP48,0
UniRef90_K5ZQR3,0
UniRef90_K5ZTC0,0
UniRef90_K5ZUW6,0
UniRef90_K5ZV32,0
UniRef90_K5ZZL5,0
UniRef90_K6A234,0
UniRef90_K6A7H3,0
UniRef90_K6A8R2,0
UniRef90_K6AHL9,0
UniRef90_K6AMX5,0
UniRef90_K6AUS7,0
UniRef90_K6AW84,0
UniRef90_K6AX94,0
UniRef90_N1Z2S6,0
UniRef90_N1ZHY7,0
UniRef90_N2AGZ2,0
UniRef90_N2AP15,0
UniRef90_N2AU09,0
UniRef90_N2B3F0,0
UniRef90_Q8A475,0
UniRef90_R5DMB9,0
UniRef90_R6WYR0,0
UniRef90_R6X5M8,0
UniRef90_R6X666,6.2.1.30
UniRef90_V2PXU4,0
UniRef90_V2QEP2,0
UniRef90_E9HZH1,0
UniRef90_R5BUE4,0
UniRef90_B0X9P3,0
UniRef90_Q4YHW5,0
UniRef90_Q4YHQ3,0
UniRef90_R7QU22,0
UniRef90_D7UUB6,0
UniRef90_Q4YHX5,0
UniRef90_Q4YJU8,0
UniRef90_Q7R6U7,0
UniRef90_F6IJS3,0
UniRef90_A5KRH0,0
UniRef90_A6LA87,0
UniRef90_A6LD07,4.2.1.46
UniRef90_A6LEH5,0
UniRef90_A6LF43,0
UniRef90_G8UHS2,0
UniRef90_K5Y508,0
UniRef90_K5Y558,0
UniRef90_K5Y7W1,0
UniRef90_K5YC70,0
UniRef90_K5YLZ5,0
UniRef90_K5YMT0,0
UniRef90_K5YS60,0
UniRef90_K5YUK4,0
UniRef90_K5YVN0,6.1.1.1
UniRef90_K5YVQ6,0
UniRef90_K5YYB2,0
UniRef90_K5YYH3,0
UniRef90_K5YYL1,0
UniRef90_K5Z6U9,0
UniRef90_K5Z767,0
UniRef90_K5ZAH9,0
UniRef90_K5ZCG2,0
UniRef90_K5ZDS3,0
UniRef90_K5ZGX5,0
UniRef90_K5ZIB0,0
UniRef90_K5ZKY6,0
UniRef90_K5ZNE6,0
UniRef90_K5ZPZ6,0
UniRef90_K5ZUF9,2.6.99.2
UniRef90_K5ZUH4,0
UniRef90_K5ZUQ4,0
UniRef90_K5ZWE8,0
UniRef90_K6A1M2,0
UniRef90_K6A1R7,0
UniRef90_K6A1Y6,0
UniRef90_K6A228,0
UniRef90_K6A2J9,0
UniRef90_K6A2Q0,0
UniRef90_K6A3G9,0
UniRef90_K6A712,0
UniRef90_K6AU03,0
UniRef90_K6AYU0,0
UniRef90_N1Z5Z1,0
UniRef90_N1ZT30,0
UniRef90_N2AVK1,0
UniRef90_N2AWT2,0
UniRef90_N2AZW8,0
UniRef90_N2B3W1,0
UniRef90_N2BCC4,0
UniRef90_R5DAL2,0
UniRef90_R5DBG0,4.3.2.2
UniRef90_R5DJ85,5.2.1.8
UniRef90_R5DQZ1,0
UniRef90_R6IIJ1,3.3.1.1
UniRef90_R6WZC4,2.4.2.10
UniRef90_R6X734,0
UniRef90_R6XDC4,0
UniRef90_V2PZK8,0
UniRef90_V2Q274,0
UniRef90_V2Q5K8,0
UniRef90_V2QF88,0
UniRef90_V2QGU4,0
UniRef90_V2RJN1,0
UniRef90_V2RMN1,0
UniRef90_V2RMW6,0
UniRef90_V2RN57,0
UniRef90_M0RDR8,0
UniRef90_G8F167,0
UniRef90_Q4YA17,0
UniRef90_R7JNF7,0
UniRef90_Q4YK64,0
UniRef90_Q7R7M0,0
UniRef90_A4QMB1,0
UniRef90_M2QZ94,0
UniRef90_T4AWL0,0
UniRef90_A6BGW3,0
UniRef90_A6LEF2,0
UniRef90_A6LHY5,6.1.1.19
UniRef90_K5Y491,0
UniRef90_K5YBW5,0
UniRef90_K5YE48,0
UniRef90_K5YM18,0
UniRef90_K5YM68,0
UniRef90_K5YRY1,0
UniRef90_K5YS25,0
UniRef90_K5YTM2,0
UniRef90_K5YU26,0
UniRef90_K5YVK1,0
UniRef90_K5YXY8,2.7.2.1
UniRef90_K5YYQ2,0
UniRef90_K5Z071,0
UniRef90_K5Z127,0
UniRef90_K5Z1E9,0
UniRef90_K5Z4Z1,0
UniRef90_K5Z5U3,0
UniRef90_K5Z5Y2,0
UniRef90_K5Z823,0
UniRef90_K5ZA21,0
UniRef90_K5ZA95,0
UniRef90_K5ZAW6,0
UniRef90_K5ZCA5,0
UniRef90_K5ZDQ5,0
UniRef90_K5ZHA6,0
UniRef90_K5ZHB1,0
UniRef90_K5ZKY1,2.8.4.4
UniRef90_K5ZKZ4,0
UniRef90_K5ZL08,0
UniRef90_K5ZM17,0
UniRef90_K5ZP30,0
UniRef90_K5ZTS2,0
UniRef90_K5ZU65,0
UniRef90_K5ZUM2,3.1.3.5
UniRef90_K5ZUN9,0
UniRef90_K5ZUQ7,0
UniRef90_K5ZV65,0
UniRef90_K5ZVT6,0
UniRef90_K5ZW71,0
UniRef90_K5ZWF7,0
UniRef90_K5ZZ56,1.8.4.11
UniRef90_K5ZZP7,0
UniRef90_K5ZZR6,0
UniRef90_K6A0A5,0
UniRef90_K6A0P1,0
UniRef90_K6A1Y1,0
UniRef90_K6A2G0,0
UniRef90_K6A5N2,0
UniRef90_K6A8P6,0
UniRef90_K6A927,0
UniRef90_K6ABB0,0
UniRef90_K6AL06,0
UniRef90_K6AN02,0
UniRef90_K6AT36,0
UniRef90_K6ATW2,0
UniRef90_N2AHJ8,0
UniRef90_N2AIP0,0
UniRef90_N2AK38,0
UniRef90_N2ALD3,0
UniRef90_N2AR62,0
UniRef90_N2ARW2,0
UniRef90_N2AWM7,0
UniRef90_N2AYN4,0
UniRef90_N2B0G6,0
UniRef90_N2B2L9,0
UniRef90_N2B393,0
UniRef90_N2B3S8,0
UniRef90_N2B3Z2,0
UniRef90_N2B5B6,0
UniRef90_N2B9K2,0
UniRef90_N2BEB9,0
UniRef90_R5D8S9,0
UniRef90_R5DAU4,2.7.2.4
UniRef90_R6IIS7,1.2.7.8
UniRef90_R6IQZ0,0
UniRef90_R6WM85,0
UniRef90_R6WQT3,1.6.5.8
UniRef90_R6X3I5,0
UniRef90_R6Y6R1,0
UniRef90_R7DFZ4,0
UniRef90_V2Q063,0
UniRef90_V2Q5M2,2.4.1.21
UniRef90_V2Q947,0
UniRef90_V2Q9Q5,0
UniRef90_V2QAG2,3.1.13.1
UniRef90_V2QAH4,0
UniRef90_V2QAP6,0
UniRef90_V2QB37,0
UniRef90_V2QHF0,0
UniRef90_V2QKG7,1.7.2.2
UniRef90_V2RHJ5,0
UniRef90_V2RK85,0
UniRef90_V2RN26,0
UniRef90_Q4YH89,0
UniRef90_Q4YJ71,0
UniRef90_L8HPT4,0
UniRef90_C6JSQ0,0
UniRef90_Q7R7L8,0
UniRef90_Q4X813,0
UniRef90_Q4YHQ2,0
UniRef90_T2IW85,0
UniRef90_Q7R7D8,0
UniRef90_C8L6T0,0
UniRef90_A6L9R4,4.2.1.47
UniRef90_A6LA68,2.1.2.11
UniRef90_A6LAT2,0
UniRef90_A6LBU6,6.1.1.12
UniRef90_A6LEP5,0
UniRef90_A6LEP7,2.3.1.180
UniRef90_A6LIC2,2.1.1.45
UniRef90_A7AKK6,0
UniRef90_D1YB10,0
UniRef90_K5XZF4,0
UniRef90_K5Y0V8,0
UniRef90_K5Y298,0
UniRef90_K5Y689,0
UniRef90_K5YB98,0
UniRef90_K5YHJ5,0
UniRef90_K5YNA3,0
UniRef90_K5YND3,0
UniRef90_K5YRH3,0
UniRef90_K5YS13,0
UniRef90_K5YU86,0
UniRef90_K5YVK5,0
UniRef90_K5YZE8,0
UniRef90_K5Z030,0
UniRef90_K5Z525,0
UniRef90_K5Z5E3,0
UniRef90_K5Z5P2,0
UniRef90_K5Z5Q7,0
UniRef90_K5Z6X4,0
UniRef90_K5Z717,1.4.1.1
UniRef90_K5Z818,0
UniRef90_K5Z836,0
UniRef90_K5ZAW1,0
UniRef90_K5ZBF8,0
UniRef90_K5ZD86,0
UniRef90_K5ZEB4,0
UniRef90_K5ZEH0,0
UniRef90_K5ZFU4,0
UniRef90_K5ZHH0,0
UniRef90_K5ZJZ4,0
UniRef90_K5ZK33,0
UniRef90_K5ZKW9,0
UniRef90_K5ZL16,0
UniRef90_K5ZLD4,0
UniRef90_K5ZLL3,0
UniRef90_K5ZND5,0
UniRef90_K5ZPC3,0
UniRef90_K5ZRM7,0
UniRef90_K5ZTD7,0
UniRef90_K5ZTT4,0
UniRef90_K5ZU96,0
UniRef90_K5ZUT6,0
UniRef90_K5ZUY4,0
UniRef90_K5ZV55,0
UniRef90_K5ZVA3,0
UniRef90_K5ZX15,0
UniRef90_K5ZYM9,0
UniRef90_K5ZZ14,0
UniRef90_K5ZZ20,0
UniRef90_K5ZZ47,0
UniRef90_K5ZZ71,0
UniRef90_K5ZZM6,0
UniRef90_K5ZZN0,0
UniRef90_K6A017,0
UniRef90_K6A1S6,0
UniRef90_K6A259,0
UniRef90_K6A2T9,0
UniRef90_K6A3X2,0
UniRef90_K6A430,0
UniRef90_K6A434,1.8.1.4
UniRef90_K6A4E8,0
UniRef90_K6A4M7,0
UniRef90_K6A4T9,0
UniRef90_K6A5L8,0
UniRef90_K6A5P8,0
UniRef90_K6A651,0
UniRef90_K6A680,0
UniRef90_K6A6E5,0
UniRef90_K6A6G0,2.7.1.40
UniRef90_K6A6R3,0
UniRef90_K6A715,0
UniRef90_K6A732,0
UniRef90_K6A7A0,0
UniRef90_K6A8Z8,0
UniRef90_K6AHM5,0
UniRef90_K6AP61,0
UniRef90_K6AUE1,0
UniRef90_K6B022,4.2.1.2
UniRef90_N2AIQ2,0
UniRef90_N2ALU8,0
UniRef90_N2AQC6,0
UniRef90_N2ASJ5,0
UniRef90_N2ATH5,0
UniRef90_N2AVT9,0
UniRef90_N2AZ46,0
UniRef90_N2B2A0,0
UniRef90_N2B3E1,0
UniRef90_N2B5I9,0
UniRef90_N2B7S4,0
UniRef90_N2B9W8,0
UniRef90_N2BA56,0
UniRef90_N2BDZ1,0
UniRef90_N2BFD9,0
UniRef90_N2BFI2,0
UniRef90_R5DB25,0
UniRef90_R5DCM6,6.3.2.9
UniRef90_R5DE23,0
UniRef90_R5DNS8,0
UniRef90_R5DRK5,0
UniRef90_R5HQN6,0
UniRef90_R6QBF9,0
UniRef90_R6WRE4,6.3.4.4
UniRef90_R6WSW4,0
UniRef90_R6WZB2,0
UniRef90_R6WZJ2,4.2.1.11
UniRef90_R6X715,2.7.7.24
UniRef90_R6Y8V1,0
UniRef90_R7J5S2,0
UniRef90_R7J7A8,0
UniRef90_R7JIK5,6.1.1.2
UniRef90_R7NRD7,0
UniRef90_UPI000366FA6E,0
UniRef90_UPI00037743C4,0
UniRef90_V2PXW8,0
UniRef90_V2PY25,0
UniRef90_V2PYG3,2.7.1.30
UniRef90_V2Q7T6,0
UniRef90_V2QBM2,0
UniRef90_V2QCR7,0
UniRef90_V2QCS0,1.11.1.6
UniRef90_V2QES9,0
UniRef90_V2QFK4,0
UniRef90_V2QGW5,1.1.1.169
UniRef90_V2QIY5,0
UniRef90_V2QKN8,0
UniRef90_V2RGZ5,0
UniRef90_V2RLB0,0
UniRef90_V2RQZ0,0
UniRef90_L7VXW3,0
UniRef90_G9NKZ9,0
UniRef90_A5ZYV3,0
UniRef90_W8ZHX5,0
UniRef90_M0R7M9,0
UniRef90_Q7TP33,0
UniRef90_U2LFE1,0
UniRef90_E7FVC2,0
UniRef90_UPI0002052889,0
UniRef90_I7G815,0
UniRef90_Q4X6X1,0
UniRef90_B2DUY1,0
UniRef90_Q4X778,0
UniRef90_K8E2V0,0
UniRef90_A5TSU5,0
UniRef90_A0A009XL81,0
UniRef90_R6VAF8,0
UniRef90_A6LA92,6.1.1.20
UniRef90_A6LBG5,0
UniRef90_A6LEK4,1.1.1.205
UniRef90_A6LEL6,2.4.99.17
UniRef90_F6Z5R4,0
UniRef90_K5Y0B7,0
UniRef90_K5Y206,0
UniRef90_K5Y2C0,0
UniRef90_K5Y6T8,0
UniRef90_K5Y7V3,0
UniRef90_K5YC97,2.6.1.9
UniRef90_K5YF77,0
UniRef90_K5YJ17,0
UniRef90_K5YK60,0
UniRef90_K5YM00,0
UniRef90_K5YM49,0
UniRef90_K5YM72,0
UniRef90_K5YNC4,0
UniRef90_K5YRY8,1.5.1.2
UniRef90_K5YSG7,0
UniRef90_K5YSI9,0
UniRef90_K5YSW7,0
UniRef90_K5YSX7,0
UniRef90_K5YUI1,0
UniRef90_K5YVZ8,0
UniRef90_K5YYE2,0
UniRef90_K5YYE5,0
UniRef90_K5YYR5,2.1.1.199
UniRef90_K5Z064,0
UniRef90_K5Z079,0
UniRef90_K5Z0C0,4.2.3.4
UniRef90_K5Z1V7,0
UniRef90_K5Z2C0,0
UniRef90_K5Z5X0,0
UniRef90_K5Z676,0
UniRef90_K5Z7A3,0
UniRef90_K5Z7H4,0
UniRef90_K5Z7I1,0
UniRef90_K5Z7L0,0
UniRef90_K5Z7W8,0
UniRef90_K5ZB02,0
UniRef90_K5ZCG7,0
UniRef90_K5ZDM4,0
UniRef90_K5ZE94,0
UniRef90_K5ZEL4,0
UniRef90_K5ZGT6,0
UniRef90_K5ZHC4,0
UniRef90_K5ZHC5,0
UniRef90_K5ZI44,0
UniRef90_K5ZI60,0
UniRef90_K5ZIF4,6.2.1.5
UniRef90_K5ZL12,3.4.11.4
UniRef90_K5ZL55,0
UniRef90_K5ZLJ3,0
UniRef90_K5ZLK9,0
UniRef90_K5ZLQ3,0
UniRef90_K5ZM73,0
UniRef90_K5ZMI0,0
UniRef90_K5ZMV1,0
UniRef90_K5ZP14,0
UniRef90_K5ZPU7,0
UniRef90_K5ZPY2,0
UniRef90_K5ZQ46,0
UniRef90_K5ZRK6,0
UniRef90_K5ZRM1,0
UniRef90_K5ZRV2,1.7.99.1
UniRef90_K5ZSC1,0
UniRef90_K5ZSS0,0
UniRef90_K5ZTH3,0
UniRef90_K5ZUC2,0
UniRef90_K5ZUF0,0
UniRef90_K5ZUF6,0
UniRef90_K5ZUI4,0
UniRef90_K5ZUK5,0
UniRef90_K5ZUR8,0
UniRef90_K5ZWA6,0
UniRef90_K5ZWD3,0
UniRef90_K5ZWG3,0
UniRef90_K5ZX21,0
UniRef90_K5ZYB9,0
UniRef90_K5ZYW2,0
UniRef90_K5ZZ03,0
UniRef90_K5ZZ91,0
UniRef90_K5ZZF2,0
UniRef90_K5ZZJ2,2.1.1.163
UniRef90_K5ZZU6,0
UniRef90_K6A0R9,0
UniRef90_K6A1Z5,0
UniRef90_K6A2A8,0
UniRef90_K6A2G5,0
UniRef90_K6A3X6,0
UniRef90_K6A3Y2,0
UniRef90_K6A450,0
UniRef90_K6A4D5,0
UniRef90_K6A4P1,1.1.1.271
UniRef90_K6A5T4,0
UniRef90_K6A6U1,0
UniRef90_K6A818,0
UniRef90_K6A8H5,0
UniRef90_K6A9B9,2.8.4.3
UniRef90_K6A9C4,5.3.1.17
UniRef90_K6A9M4,0
UniRef90_K6A9Z7,0
UniRef90_K6AG74,0
UniRef90_K6AGC3,0
UniRef90_K6AGN3,0
UniRef90_K6AHA0,0
UniRef90_K6AHE4,0
UniRef90_K6AHI7,0
UniRef90_K6AL10,2.4.2.14
UniRef90_K6AL59,5.4.2.11
UniRef90_K6ALF1,0
UniRef90_K6AMC0,0
UniRef90_K6APW8,2.6.1.37
UniRef90_K6AU71,0
UniRef90_K6AUJ4,0
UniRef90_K6AUM4,0
UniRef90_K6AWF3,0
UniRef90_K6AX27,0
UniRef90_K9E5S2,0
UniRef90_N2ALJ4,0
UniRef90_N2ALT5,0
UniRef90_N2AP37,0
UniRef90_N2AR07,0
UniRef90_N2ASF1,0
UniRef90_N2AVL5,0
UniRef90_N2AW89,0
UniRef90_N2AXW5,0
UniRef90_N2AZB4,0
UniRef90_N2AZC4,0
UniRef90_N2AZT2,0
UniRef90_N2B0W1,0
UniRef90_N2B0W2,0
UniRef90_N2B249,0
UniRef90_N2B3J7,0
UniRef90_N2B425,0
UniRef90_N2B430,0
UniRef90_N2B4Y6,0
UniRef90_N2B535,0
UniRef90_N2B5M5,0
UniRef90_N2B7H8,0
UniRef90_N2BAA3,0
UniRef90_N2BCN0,0
UniRef90_N2BCU2,0
UniRef90_N2BEG5,0
UniRef90_N2BFE6,0
UniRef90_N2BGW7,0
UniRef90_Q5L8D1,0
UniRef90_Q7MVQ8,0
UniRef90_R5D898,0
UniRef90_R5DDK4,0
UniRef90_R5DEQ3,0
UniRef90_R5DEQ7,0
UniRef90_R5DF72,0
UniRef90_R5DML6,0
UniRef90_R5FTC1,0
UniRef90_R5Y1E1,1.1.1.86
UniRef90_R6IEJ1,0
UniRef90_R6IJX5,6.3.2.6
UniRef90_R6WQT9,1.6.5.8
UniRef90_R6WSV0,0
UniRef90_R6WTW9,0
UniRef90_R6WUS9,0
UniRef90_R6X5D2,0
UniRef90_R6X6E9,1.2.1.11
UniRef90_R6X6X2,0
UniRef90_R6XD97,0
UniRef90_R7E5X5,0
UniRef90_R9HNG7,0
UniRef90_S0GIT3,2.7.1.33
UniRef90_UPI00035D337E,0
UniRef90_UPI00036F29C3,0
UniRef90_V2PWT6,0
UniRef90_V2PX72,0
UniRef90_V2PX91,0
UniRef90_V2PXI0,0
UniRef90_V2PXI8,0
UniRef90_V2PZL9,0
UniRef90_V2Q1J7,0
UniRef90_V2Q914,3.3.1.1
UniRef90_V2Q963,2.1.1.228
UniRef90_V2Q9B5,0
UniRef90_V2Q9U9,0
UniRef90_V2QAC6,2.7.3.9
UniRef90_V2QBF8,0
UniRef90_V2QBP9,5.3.1.1
UniRef90_V2QBV5,0
UniRef90_V2QBX7,0
UniRef90_V2QC18,6.3.5.2
UniRef90_V2QC30,0
UniRef90_V2QCN4,0
UniRef90_V2QEB8,0
UniRef90_V2QEI8,0
UniRef90_V2QEV4,2.7.7.6
UniRef90_V2QF56,4.3.1.1
UniRef90_V2QFC4,0
UniRef90_V2QFD7,0
UniRef90_V2QFW8,0
UniRef90_V2QFZ9,0
UniRef90_V2QGN0,0
UniRef90_V2QHQ9,0
UniRef90_V2RHF6,0
UniRef90_V2RHN6,4.2.1.11
UniRef90_V2RHP6,0
UniRef90_V2RIF2,0
UniRef90_V2RJ09,0
UniRef90_V2RKV1,3.1.1.61
UniRef90_V2RN31,0
UniRef90_J3QMT9,0
UniRef90_A0A009WBM8,0
UniRef90_I7JND3,0
UniRef90_A1YSF7,0
UniRef90_Q4YD51,0
UniRef90_B0MI64,0
UniRef90_J3QP72,0
UniRef90_Q4YAG3,0
UniRef90_Q4XDB9,0
UniRef90_UPI0003D77AFE,0
UniRef90_Q4YD76,0
UniRef90_Q4XG51,0
UniRef90_Q4YMP6,0
UniRef90_T1JKI3,0
UniRef90_Q3U156,0
UniRef90_D3Z496,0
UniRef90_C3WU82,0
UniRef90_Q4YVL4,0
UniRef90_A6L8T0,0
UniRef90_A6L927,0
UniRef90_A6L9C7,0
UniRef90_A6L9V0,0
UniRef90_A6LB11,1.3.1.14
UniRef90_A6LBG7,2.1.2.1
UniRef90_A6LC18,3.6.5.n1
UniRef90_A6LC32,2.3.1.46
UniRef90_A6LD48,0
UniRef90_A6LDN9,2.2.1.6
UniRef90_A6LEL8,3.6.1.27
UniRef90_A6LGA8,2.5.1.72
UniRef90_A6LGR4,5.4.99.18
UniRef90_B0NER2,0
UniRef90_C3QND6,0
UniRef90_F3ZPZ7,0
UniRef90_G5GFD4,0
UniRef90_K5XZD3,0
UniRef90_K5XZX2,0
UniRef90_K5Y0W3,0
UniRef90_K5Y0Y0,0
UniRef90_K5Y257,1.1.1.262
UniRef90_K5Y2C5,0
UniRef90_K5Y2D7,0
UniRef90_K5Y2H5,0
UniRef90_K5Y4Z2,0
UniRef90_K5Y7R8,0
UniRef90_K5Y7T6,0
UniRef90_K5Y8N0,0
UniRef90_K5YBX4,0
UniRef90_K5YBX8,0
UniRef90_K5YBZ5,0
UniRef90_K5YC22,2.5.1.3
UniRef90_K5YC45,0
UniRef90_K5YCB5,0
UniRef90_K5YFF3,0
UniRef90_K5YFG3,0
UniRef90_K5YFI2,0
UniRef90_K5YG17,0
UniRef90_K5YHC2,0
UniRef90_K5YIZ7,0
UniRef90_K5YJ49,0
UniRef90_K5YLV2,0
UniRef90_K5YMS5,0
UniRef90_K5YN96,0
UniRef90_K5YR49,0
UniRef90_K5YRT2,0
UniRef90_K5YRT6,0
UniRef90_K5YS04,0
UniRef90_K5YS20,4.2.1.8
UniRef90_K5YSV9,0
UniRef90_K5YTF4,0
UniRef90_K5YTG2,0
UniRef90_K5YTV7,0
UniRef90_K5YU11,0
UniRef90_K5YUD8,0
UniRef90_K5YUF5,0
UniRef90_K5YVG6,0
UniRef90_K5YVN7,0
UniRef90_K5YVR0,0
UniRef90_K5YVT1,0
UniRef90_K5YXC8,0
UniRef90_K5YXP7,0
UniRef90_K5YXQ2,0
UniRef90_K5YYQ6,0
UniRef90_K5YZD0,0
UniRef90_K5YZR0,0
UniRef90_K5Z025,0
UniRef90_K5Z066,0
UniRef90_K5Z0A0,0
UniRef90_K5Z0A8,0
UniRef90_K5Z132,0
UniRef90_K5Z180,0
UniRef90_K5Z1U2,0
UniRef90_K5Z1W1,0
UniRef90_K5Z1W7,0
UniRef90_K5Z206,0
UniRef90_K5Z253,0
UniRef90_K5Z4B8,0
UniRef90_K5Z4P8,0
UniRef90_K5Z4Z2,0
UniRef90_K5Z602,0
UniRef90_K5Z6N5,0
UniRef90_K5Z6R6,0
UniRef90_K5Z6T7,0
UniRef90_K5Z779,0
UniRef90_K5Z7D9,0
UniRef90_K5Z863,0
UniRef90_K5Z990,0
UniRef90_K5Z9U7,0
UniRef90_K5ZB37,0
UniRef90_K5ZBF2,0
UniRef90_K5ZBG1,4.2.1.1
UniRef90_K5ZBK2,0
UniRef90_K5ZBW6,0
UniRef90_K5ZBX0,0
UniRef90_K5ZD00,0
UniRef90_K5ZD15,0
UniRef90_K5ZD19,0
UniRef90_K5ZDJ5,0
UniRef90_K5ZDK1,0
UniRef90_K5ZDR5,0
UniRef90_K5ZE71,0
UniRef90_K5ZE84,0
UniRef90_K5ZER3,0
UniRef90_K5ZGI4,0
UniRef90_K5ZHF9,0
UniRef90_K5ZHM5,0
UniRef90_K5ZHM9,0
UniRef90_K5ZHW0,0
UniRef90_K5ZI26,0
UniRef90_K5ZKI4,0
UniRef90_K5ZLC5,5.3.1.14
UniRef90_K5ZLE5,0
UniRef90_K5ZLH8,0
UniRef90_K5ZLN0,0
UniRef90_K5ZLV7,0
UniRef90_K5ZLW5,0
UniRef90_K5ZM31,0
UniRef90_K5ZMG3,0
UniRef90_K5ZMH3,0
UniRef90_K5ZMQ5,0
UniRef90_K5ZN23,0
UniRef90_K5ZND0,0
UniRef90_K5ZP22,0
UniRef90_K5ZPJ6,0
UniRef90_K5ZPP5,0
UniRef90_K5ZPV7,0
UniRef90_K5ZPX8,0
UniRef90_K5ZQX3,0
UniRef90_K5ZR83,0
UniRef90_K5ZRG2,0
UniRef90_K5ZRP5,0
UniRef90_K5ZRS8,1.16.3.2
UniRef90_K5ZS37,0
UniRef90_K5ZS51,0
UniRef90_K5ZTH7,0
UniRef90_K5ZTR7,0
UniRef90_K5ZTW1,0
UniRef90_K5ZTW4,3.6.4.12
UniRef90_K5ZU59,0
UniRef90_K5ZUG9,0
UniRef90_K5ZUT2,0
UniRef90_K5ZUW3,0
UniRef90_K5ZVD4,0
UniRef90_K5ZVR2,0
UniRef90_K5ZWW9,0
UniRef90_K5ZWX9,0
UniRef90_K5ZWZ8,0
UniRef90_K5ZXP2,0
UniRef90_K5ZYE4,0
UniRef90_K5ZYQ5,0
UniRef90_K5ZYZ3,0
UniRef90_K5ZZ27,0
UniRef90_K5ZZ30,0
UniRef90_K5ZZ80,0
UniRef90_K5ZZD2,0
UniRef90_K5ZZE5,0
UniRef90_K5ZZQ3,0
UniRef90_K5ZZT1,0
UniRef90_K5ZZX3,0
UniRef90_K6A045,2.3.1.129
UniRef90_K6A082,0
UniRef90_K6A1F5,0
UniRef90_K6A1K7,0
UniRef90_K6A1M8,0
UniRef90_K6A1Y0,0
UniRef90_K6A210,0
UniRef90_K6A250,0
UniRef90_K6A262,0
UniRef90_K6A288,0
UniRef90_K6A2E2,0
UniRef90_K6A2K3,0
UniRef90_K6A3K1,0
UniRef90_K6A3R9,0
UniRef90_K6A413,0
UniRef90_K6A417,0
UniRef90_K6A421,0
UniRef90_K6A468,0
UniRef90_K6A4D9,0
UniRef90_K6A4R8,0
UniRef90_K6A5K3,0
UniRef90_K6A5M2,0
UniRef90_K6A5V9,0
UniRef90_K6A5W9,0
UniRef90_K6A657,0
UniRef90_K6A682,0
UniRef90_K6A6S7,0
UniRef90_K6A6U4,0
UniRef90_K6A6W5,0
UniRef90_K6A710,0
UniRef90_K6A717,0
UniRef90_K6A719,0
UniRef90_K6A8S9,0
UniRef90_K6A8T4,0
UniRef90_K6A960,0
UniRef90_K6A993,0
UniRef90_K6A9D5,0
UniRef90_K6A9P1,0
UniRef90_K6AA34,0
UniRef90_K6AAX7,0
UniRef90_K6AAZ2,0
UniRef90_K6ACN3,0
UniRef90_K6ADB0,0
UniRef90_K6ADC4,0
UniRef90_K6AGC0,0
UniRef90_K6AGF8,0
UniRef90_K6AGH2,0
UniRef90_K6AGL8,0
UniRef90_K6AGT4,0
UniRef90_K6AKX5,0
UniRef90_K6ALS7,0
UniRef90_K6AM93,0
UniRef90_K6AMH0,0
UniRef90_K6APL4,0
UniRef90_K6AQ38,0
UniRef90_K6AQ43,0
UniRef90_K6ARI8,0
UniRef90_K6ARK0,0
UniRef90_K6ARQ1,0
UniRef90_K6AT33,0
UniRef90_K6ATV7,0
UniRef90_K6ATX3,0
UniRef90_K6AUE6,0
UniRef90_K6AUL1,0
UniRef90_K6AX65,0
UniRef90_N1ZIM2,0
UniRef90_N2AIP5,0
UniRef90_N2AJI7,0
UniRef90_N2AJW4,0
UniRef90_N2ALC8,0
UniRef90_N2AMK1,0
UniRef90_N2AMM2,0
UniRef90_N2ANK6,0
UniRef90_N2AR02,0
UniRef90_N2AR09,0
UniRef90_N2ARG5,0
UniRef90_N2ART8,0
UniRef90_N2ASE6,0
UniRef90_N2ASI9,0
UniRef90_N2ASL6,0
UniRef90_N2ATM2,0
UniRef90_N2AU03,0
UniRef90_N2AUU4,0
UniRef90_N2AV24,0
UniRef90_N2AX68,0
UniRef90_N2AXN6,0
UniRef90_N2AYB4,0
UniRef90_N2AZV4,0
UniRef90_N2B053,0
UniRef90_N2B068,0
UniRef90_N2B0I5,0
UniRef90_N2B168,0
UniRef90_N2B1G0,0
UniRef90_N2B1G9,0
UniRef90_N2B232,0
UniRef90_N2B3K8,0
UniRef90_N2B3L1,0
UniRef90_N2B4S3,0
UniRef90_N2B4S4,0
UniRef90_N2B6G8,0
UniRef90_N2B6W6,0
UniRef90_N2B733,0
UniRef90_N2BA77,0
UniRef90_N2BAF0,0
UniRef90_N2BE50,0
UniRef90_N2BEE4,0
UniRef90_N2BEH7,0
UniRef90_N2BGH7,0
UniRef90_N2BHC2,0
UniRef90_N3Z1S6,0
UniRef90_Q4YER5,0
UniRef90_Q5L8B3,0
UniRef90_Q7R7I2,0
UniRef90_Q85WW0,0
UniRef90_Q8A525,6.3.5.2
UniRef90_R5DBD4,0
UniRef90_R5DBY9,0
UniRef90_R5DHD0,0
UniRef90_R5DJX1,0
UniRef90_R5DK04,0
UniRef90_R5DLE2,0
UniRef90_R5DLF8,6.3.2.1
UniRef90_R5DLM8,2.8.1.8
UniRef90_R5DM87,0
UniRef90_R5DPT1,0
UniRef90_R5DR63,0
UniRef90_R5DRE6,6.3.4.3
UniRef90_R6IAK7,0
UniRef90_R6IUH7,0
UniRef90_R6PH03,0
UniRef90_R6PM92,0
UniRef90_R6QX17,0
UniRef90_R6WMY5,0
UniRef90_R6WPV3,0
UniRef90_R6WRB5,2.1.1.33
UniRef90_R6WSD2,0
UniRef90_R6WTJ5,4.3.2.1
UniRef90_R6WUQ7,0
UniRef90_R6WUT5,0
UniRef90_R6WUW6,2.7.7.4
UniRef90_R6WXV5,0
UniRef90_R6WZ77,0
UniRef90_R6X641,0
UniRef90_R6XB56,0
UniRef90_R6XDM7,0
UniRef90_R6XY81,0
UniRef90_R6XYL9,0
UniRef90_R7J624,0
UniRef90_R7JD16,0
UniRef90_S0GED1,0
UniRef90_S0GJR3,0
UniRef90_UPI000380B171,0
UniRef90_V2PXV5,0
UniRef90_V2PYI2,4.2.1.20
UniRef90_V2PYJ7,0
UniRef90_V2PYU0,0
UniRef90_V2PZ36,6.1.1.20
UniRef90_V2PZC1,1.1.1.94
UniRef90_V2Q0K8,5.2.1.8
UniRef90_V2Q0Q3,6.3.3.1
UniRef90_V2Q2F7,0
UniRef90_V2Q4D0,0
UniRef90_V2Q7N5,0
UniRef90_V2Q855,0
UniRef90_V2Q8B3,0
UniRef90_V2Q924,2.7.7.6
UniRef90_V2Q944,0
UniRef90_V2QAV1,0
UniRef90_V2QAY2,0
UniRef90_V2QB80,0
UniRef90_V2QD79,4.1.99.12
UniRef90_V2QDC3,0
UniRef90_V2QDJ5,0
UniRef90_V2QDM9,0
UniRef90_V2QDN0,0
UniRef90_V2QDS8,0
UniRef90_V2QDT0,0
UniRef90_V2QEE2,0
UniRef90_V2QEN2,0
UniRef90_V2QEP6,2.3.1.39
UniRef90_V2QEZ1,0
UniRef90_V2QFX1,0
UniRef90_V2QGH6,1.1.1.37
UniRef90_V2QGL2,0
UniRef90_V2QGL4,0
UniRef90_V2QH24,0
UniRef90_V2QIU2,0
UniRef90_V2QIV2,0
UniRef90_V2QKJ4,3.5.1.88
UniRef90_V2QKM1,0
UniRef90_V2QKN5,0
UniRef90_V2RH09,0
UniRef90_V2RH81,0
UniRef90_V2RHK7,0
UniRef90_V2RMA6,0
UniRef90_V2RMS1,1.1.1.205
UniRef90_V2RN06,0
UniRef90_V2RRF5,0
UniRef90_A5Z324,0
UniRef90_R5I872,0
UniRef90_F5RQN3,0
UniRef90_Q7R7N2,0
UniRef90_U4C9R8,0
UniRef90_Q4Y9P6,0
UniRef90_UPI0003D76C4B,0
UniRef90_Q4YK81,0
UniRef90_F7HN36,0
UniRef90_F7GLV9,0
UniRef90_B0P4F9,0
UniRef90_X3H084,0
UniRef90_F6W3W5,0
UniRef90_Q4X4D5,0
UniRef90_K3Z2X2,0
UniRef90_S6C3I4,0
UniRef90_M1YD77,0
UniRef90_Q4YDX5,0
UniRef90_D3Z1I8,0
UniRef90_A0A015PZU2,0
UniRef90_A0A016MA45,0
UniRef90_F6S7I1,0
UniRef90_X5NU12,1.6.5.5
UniRef90_L1ISX9,0
UniRef90_U2ZZD9,0
UniRef90_Q7R6U8,0
UniRef90_W8ZGR1,0
UniRef90_Q7PD06,0
UniRef90_F4U3Y2,0
UniRef90_A0A015UVA1,0
UniRef90_A0A015UVB4,0
UniRef90_A0A015WP24,0
UniRef90_A0A016EQF0,0
UniRef90_A0A023Z1J3,0
UniRef90_A0A031ISN3,0
UniRef90_A0A038I9Y0,0
UniRef90_A6KYB5,0
UniRef90_A6L8N5,3.6.3.14
UniRef90_A6L8P2,3.6.3.14
UniRef90_A6L915,1.8.1.9
UniRef90_A6LA57,4.3.3.7
UniRef90_A6LAK0,0
UniRef90_A6LDS0,4.1.1.23
UniRef90_A6LEH8,0
UniRef90_A6LFQ5,0
UniRef90_A6LG81,0
UniRef90_A6LH07,4.2.1.20
UniRef90_A6LI95,6.3.1.1
UniRef90_A6LIH3,3.1.22.4
UniRef90_C3Q890,0
UniRef90_C4ZBS3,0
UniRef90_C7X7J6,2.4.2.17
UniRef90_D4M4C8,0
UniRef90_D6D372,0
UniRef90_E1WRZ8,0
UniRef90_F3AQH6,0
UniRef90_F4NQS3,0
UniRef90_G5SSJ0,0
UniRef90_H4M7I0,0
UniRef90_H5EIV2,0
UniRef90_I7GNC3,0
UniRef90_I8VKH1,0
UniRef90_J9GBB0,0
UniRef90_K5XZC2,0
UniRef90_K5Y089,0
UniRef90_K5Y0A8,0
UniRef90_K5Y229,3.5.1.25
UniRef90_K5Y238,0
UniRef90_K5Y282,0
UniRef90_K5Y2A9,0
UniRef90_K5Y2B4,0
UniRef90_K5Y2I1,0
UniRef90_K5Y2J7,0
UniRef90_K5Y4Y6,0
UniRef90_K5Y575,0
UniRef90_K5Y5T9,0
UniRef90_K5Y5U3,5.2.1.8
UniRef90_K5Y5X0,0
UniRef90_K5Y5Y9,0
UniRef90_K5Y606,0
UniRef90_K5Y627,0
UniRef90_K5Y6S6,0
UniRef90_K5Y6U1,0
UniRef90_K5Y8H5,0
UniRef90_K5Y8L0,0
UniRef90_K5Y8P8,0
UniRef90_K5YA99,0
UniRef90_K5YC20,0
UniRef90_K5YC54,0
UniRef90_K5YC91,0
UniRef90_K5YCD2,2.7.1.25
UniRef90_K5YE53,0
UniRef90_K5YF42,0
UniRef90_K5YF87,0
UniRef90_K5YFE9,0
UniRef90_K5YFX8,0
UniRef90_K5YG08,2.7.7.60
UniRef90_K5YG13,5.2.1.8
UniRef90_K5YG34,0
UniRef90_K5YG47,0
UniRef90_K5YG77,0
UniRef90_K5YHA3,0
UniRef90_K5YHD7,0
UniRef90_K5YHG9,0
UniRef90_K5YIY6,0
UniRef90_K5YJ22,0
UniRef90_K5YJ28,0
UniRef90_K5YLM0,0
UniRef90_K5YLU6,1.17.1.2
UniRef90_K5YLW8,0
UniRef90_K5YLX2,3.4.13.22
UniRef90_K5YM41,0
UniRef90_K5YM54,0
UniRef90_K5YM85,0
UniRef90_K5YML5,1.1.1.85
UniRef90_K5YMP3,0
UniRef90_K5YQR6,0
UniRef90_K5YQU3,0
UniRef90_K5YQZ9,0
UniRef90_K5YR53,0
UniRef90_K5YR55,0
UniRef90_K5YR63,0
UniRef90_K5YR66,0
UniRef90_K5YR74,0
UniRef90_K5YR99,0
UniRef90_K5YRE5,0
UniRef90_K5YRH8,0
UniRef90_K5YS01,0
UniRef90_K5YS09,0
UniRef90_K5YS73,0
UniRef90_K5YSG2,0
UniRef90_K5YSH1,0
UniRef90_K5YSJ5,2.7.2.11
UniRef90_K5YSK5,0
UniRef90_K5YT16,0
UniRef90_K5YTG8,0
UniRef90_K5YTH9,0
UniRef90_K5YTI7,0
UniRef90_K5YTV2,0
UniRef90_K5YTY4,0
UniRef90_K5YUF2,0
UniRef90_K5YUH1,0
UniRef90_K5YUH3,0
UniRef90_K5YUK0,0
UniRef90_K5YVH5,6.3.4.13
UniRef90_K5YVL2,0
UniRef90_K5YVL8,0
UniRef90_K5YVP5,0
UniRef90_K5YVU1,0
UniRef90_K5YW06,0
UniRef90_K5YXC0,0
UniRef90_K5YXR9,0
UniRef90_K5YXW8,0
UniRef90_K5YY01,0
UniRef90_K5YYG8,0
UniRef90_K5YYK0,0
UniRef90_K5YYK5,0
UniRef90_K5YYM5,0
UniRef90_K5YYS3,0
UniRef90_K5YZA6,0
UniRef90_K5Z070,0
UniRef90_K5Z0B6,0
UniRef90_K5Z0S9,0
UniRef90_K5Z0V6,0
UniRef90_K5Z137,0
UniRef90_K5Z142,0
UniRef90_K5Z1F3,0
UniRef90_K5Z1X2,0
UniRef90_K5Z238,0
UniRef90_K5Z3X6,0
UniRef90_K5Z454,0
UniRef90_K5Z475,0
UniRef90_K5Z4R8,0
UniRef90_K5Z4X3,0
UniRef90_K5Z506,0
UniRef90_K5Z526,0
UniRef90_K5Z531,0
UniRef90_K5Z5G8,0
UniRef90_K5Z5P8,0
UniRef90_K5Z5T6,0
UniRef90_K5Z5U6,0
UniRef90_K5Z5V4,0
UniRef90_K5Z639,0
UniRef90_K5Z6G6,0
UniRef90_K5Z6P8,0
UniRef90_K5Z6W9,0
UniRef90_K5Z729,0
UniRef90_K5Z7E8,0
UniRef90_K5Z7J6,0
UniRef90_K5Z7K6,0
UniRef90_K5Z7P1,0
UniRef90_K5Z7S5,0
UniRef90_K5Z7X7,0
UniRef90_K5Z893,0
UniRef90_K5Z8A5,0
UniRef90_K5Z8B0,2.2.1.9
UniRef90_K5Z8K9,0
UniRef90_K5Z977,0
UniRef90_K5Z9B6,0
UniRef90_K5Z9H2,0
UniRef90_K5Z9K0,0
UniRef90_K5Z9M4,0
UniRef90_K5Z9V8,0
UniRef90_K5Z9X9,0
UniRef90_K5ZA59,0
UniRef90_K5ZA61,0
UniRef90_K5ZA89,0
UniRef90_K5ZAD8,0
UniRef90_K5ZAK2,0
UniRef90_K5ZAQ5,0
UniRef90_K5ZAQ8,0
UniRef90_K5ZAZ3,0
UniRef90_K5ZBJ6,0
UniRef90_K5ZBT8,0
UniRef90_K5ZBU6,0
UniRef90_K5ZC15,0
UniRef90_K5ZCI8,0
UniRef90_K5ZD67,0
UniRef90_K5ZDA5,0
UniRef90_K5ZDE4,0
UniRef90_K5ZDE9,0
UniRef90_K5ZDJ0,0
UniRef90_K5ZDL2,0
UniRef90_K5ZDL9,0
UniRef90_K5ZDQ6,0
UniRef90_K5ZDT2,0
UniRef90_K5ZDV3,0
UniRef90_K5ZE12,0
UniRef90_K5ZEB0,0
UniRef90_K5ZEF7,0
UniRef90_K5ZEM6,0
UniRef90_K5ZG42,1.8.1.4
UniRef90_K5ZGI8,0
UniRef90_K5ZGK4,0
UniRef90_K5ZGN1,0
UniRef90_K5ZGS8,0
UniRef90_K5ZGT0,0
UniRef90_K5ZH16,0
UniRef90_K5ZHA5,0
UniRef90_K5ZHB0,0
UniRef90_K5ZHF0,0
UniRef90_K5ZHF4,0
UniRef90_K5ZHK1,0
UniRef90_K5ZHM0,0
UniRef90_K5ZHN1,0
UniRef90_K5ZHN5,0
UniRef90_K5ZHR1,0
UniRef90_K5ZHU5,0
UniRef90_K5ZHW6,0
UniRef90_K5ZI47,5.3.1.23
UniRef90_K5ZI52,0
UniRef90_K5ZI66,0
UniRef90_K5ZIF8,0
UniRef90_K5ZIG8,0
UniRef90_K5ZIP6,0
UniRef90_K5ZIQ1,0
UniRef90_K5ZK29,4.2.1.113
UniRef90_K5ZKL3,0
UniRef90_K5ZL46,0
UniRef90_K5ZL51,0
UniRef90_K5ZL69,1.1.1.169
UniRef90_K5ZLG6,0
UniRef90_K5ZLL5,0
UniRef90_K5ZLL9,0
UniRef90_K5ZLM5,0
UniRef90_K5ZLP4,0
UniRef90_K5ZLT5,0
UniRef90_K5ZM36,0
UniRef90_K5ZMB2,0
UniRef90_K5ZMC1,0
UniRef90_K5ZMH6,0
UniRef90_K5ZMK3,0
UniRef90_K5ZMK8,0
UniRef90_K5ZMM9,0
UniRef90_K5ZMV6,0
UniRef90_K5ZN18,4.1.2.25
UniRef90_K5ZNB8,0
UniRef90_K5ZNE5,0
UniRef90_K5ZNF0,0
UniRef90_K5ZNL7,6.3.2.4
UniRef90_K5ZP18,0
UniRef90_K5ZP23,0
UniRef90_K5ZP72,0
UniRef90_K5ZPF3,0
UniRef90_K5ZPX5,3.1.26.3
UniRef90_K5ZQ03,0
UniRef90_K5ZQ24,0
UniRef90_K5ZQ67,0
UniRef90_K5ZQ95,0
UniRef90_K5ZQA0,0
UniRef90_K5ZQP3,0
UniRef90_K5ZRC7,0
UniRef90_K5ZRR7,0
UniRef90_K5ZSQ3,0
UniRef90_K5ZT43,0
UniRef90_K5ZTD0,0
UniRef90_K5ZTD3,0
UniRef90_K5ZTH2,0
UniRef90_K5ZTJ0,2.1.1.297
UniRef90_K5ZTK9,3.1.3.11
UniRef90_K5ZTY7,0
UniRef90_K5ZTZ1,0
UniRef90_K5ZU34,0
UniRef90_K5ZU68,0
UniRef90_K5ZU90,0
UniRef90_K5ZUB5,0
UniRef90_K5ZUD5,0
UniRef90_K5ZUD8,0
UniRef90_K5ZUG8,0
UniRef90_K5ZUI0,0
UniRef90_K5ZUN8,0
UniRef90_K5ZUR0,0
UniRef90_K5ZUR2,0
UniRef90_K5ZUS7,0
UniRef90_K5ZUV0,0
UniRef90_K5ZUV1,0
UniRef90_K5ZUV7,0
UniRef90_K5ZUZ0,0
UniRef90_K5ZV25,0
UniRef90_K5ZVN8,0
UniRef90_K5ZVQ3,0
UniRef90_K5ZVS5,0
UniRef90_K5ZVT1,0
UniRef90_K5ZVV1,0
UniRef90_K5ZWY9,0
UniRef90_K5ZX34,0
UniRef90_K5ZXP8,0
UniRef90_K5ZXQ9,0
UniRef90_K5ZXX3,0
UniRef90_K5ZY85,0
UniRef90_K5ZY93,0
UniRef90_K5ZYK7,0
UniRef90_K5ZYL3,0
UniRef90_K5ZYM1,0
UniRef90_K5ZYM6,0
UniRef90_K5ZYN0,0
UniRef90_K5ZYN5,0
UniRef90_K5ZYP7,0
UniRef90_K5ZYT7,0
UniRef90_K5ZYU6,0
UniRef90_K5ZYY9,0
UniRef90_K5ZZ02,0
UniRef90_K5ZZ33,0
UniRef90_K5ZZM1,0
UniRef90_K5ZZP5,0
UniRef90_K5ZZY8,0
UniRef90_K6A008,0
UniRef90_K6A022,0
UniRef90_K6A049,0
UniRef90_K6A096,0
UniRef90_K6A0B9,0
UniRef90_K6A0L7,0
UniRef90_K6A0U5,0
UniRef90_K6A0Z9,0
UniRef90_K6A102,0
UniRef90_K6A106,0
UniRef90_K6A110,0
UniRef90_K6A1H6,0
UniRef90_K6A1H7,0
UniRef90_K6A1J1,0
UniRef90_K6A1K1,0
UniRef90_K6A1N2,0
UniRef90_K6A1R8,0
UniRef90_K6A1S9,0
UniRef90_K6A1T4,0
UniRef90_K6A281,0
UniRef90_K6A290,0
UniRef90_K6A2D2,1.1.1.58
UniRef90_K6A2F3,0
UniRef90_K6A2N4,0
UniRef90_K6A2Q9,0
UniRef90_K6A2R1,0
UniRef90_K6A2U4,0
UniRef90_K6A2W1,0
UniRef90_K6A3I5,0
UniRef90_K6A3I9,0
UniRef90_K6A3K5,0
UniRef90_K6A3L2,0
UniRef90_K6A3U0,0
UniRef90_K6A3U8,0
UniRef90_K6A4B7,0
UniRef90_K6A4J7,0
UniRef90_K6A4P6,0
UniRef90_K6A5D7,0
UniRef90_K6A5G6,0
UniRef90_K6A5R8,0
UniRef90_K6A5V0,0
UniRef90_K6A5Y6,0
UniRef90_K6A5Z0,0
UniRef90_K6A6E9,0
UniRef90_K6A6H0,0
UniRef90_K6A6I2,0
UniRef90_K6A6J9,5.3.1.12
UniRef90_K6A6K8,2.5.1.19
UniRef90_K6A6N6,0
UniRef90_K6A6P8,0
UniRef90_K6A758,0
UniRef90_K6A769,0
UniRef90_K6A7E9,0
UniRef90_K6A7M4,0
UniRef90_K6A828,0
UniRef90_K6A8D5,0
UniRef90_K6A8J9,0
UniRef90_K6A8Q6,0
UniRef90_K6A8S4,0
UniRef90_K6A930,0
UniRef90_K6A935,0
UniRef90_K6A956,0
UniRef90_K6A989,0
UniRef90_K6A9B6,0
UniRef90_K6A9E6,0
UniRef90_K6A9H1,0
UniRef90_K6A9L9,0
UniRef90_K6A9P6,0
UniRef90_K6AA39,0
UniRef90_K6AA48,0
UniRef90_K6AA64,0
UniRef90_K6AA69,0
UniRef90_K6AA81,0
UniRef90_K6AAZ6,0
UniRef90_K6AB07,0
UniRef90_K6ABF5,0
UniRef90_K6ABM3,0
UniRef90_K6ABM8,0
UniRef90_K6ABR5,0
UniRef90_K6ACM6,0
UniRef90_K6ADA1,0
UniRef90_K6ADF7,0
UniRef90_K6AEM1,0
UniRef90_K6AEM6,0
UniRef90_K6AGB7,0
UniRef90_K6AGE2,0
UniRef90_K6AGF5,5.1.1.3
UniRef90_K6AGG3,0
UniRef90_K6AGT7,0
UniRef90_K6AH70,0
UniRef90_K6AH91,4.2.3.3
UniRef90_K6AHB1,0
UniRef90_K6AHT0,0
UniRef90_K6AI11,0
UniRef90_K6AI23,0
UniRef90_K6AI59,0
UniRef90_K6AL01,0
UniRef90_K6AL15,0
UniRef90_K6AL40,0
UniRef90_K6ALD4,0
UniRef90_K6ALF6,0
UniRef90_K6ALN5,0
UniRef90_K6ALP5,0
UniRef90_K6ALQ0,0
UniRef90_K6ALU9,0
UniRef90_K6AM59,1.1.1.42
UniRef90_K6AM73,0
UniRef90_K6AMB7,0
UniRef90_K6AMK5,0
UniRef90_K6AP28,0
UniRef90_K6AP83,0
UniRef90_K6APE9,0
UniRef90_K6APG5,0
UniRef90_K6APQ6,0
UniRef90_K6APY8,0
UniRef90_K6ARD3,0
UniRef90_K6ARE8,0
UniRef90_K6ARG8,0
UniRef90_K6ARL8,0
UniRef90_K6ATD5,0
UniRef90_K6ATX8,0
UniRef90_K6AU45,0
UniRef90_K6AU62,0
UniRef90_K6AU75,0
UniRef90_K6AUB9,0
UniRef90_K6AUC3,0
UniRef90_K6AUD1,0
UniRef90_K6AUG9,0
UniRef90_K6AUI7,0
UniRef90_K6AUQ1,0
UniRef90_K6AUR8,0
UniRef90_K6AUT2,0
UniRef90_K6AWD6,0
UniRef90_K9JVY5,0
UniRef90_M2VZ74,0
UniRef90_N1ZAU2,0
UniRef90_N2AIJ8,0
UniRef90_N2AIN6,0
UniRef90_N2AIQ7,0
UniRef90_N2AJ83,0
UniRef90_N2AJH0,0
UniRef90_N2ALB7,0
UniRef90_N2ALH9,0
UniRef90_N2AMM3,0
UniRef90_N2AMN3,0
UniRef90_N2AMR7,0
UniRef90_N2AN47,0
UniRef90_N2AQL1,0
UniRef90_N2ARE8,0
UniRef90_N2AS87,0
UniRef90_N2ASF7,0
UniRef90_N2ASG7,0
UniRef90_N2ASH3,0
UniRef90_N2ASH6,0
UniRef90_N2ASK3,0
UniRef90_N2AT77,0
UniRef90_N2ATB8,0
UniRef90_N2ATC4,0
UniRef90_N2ATS2,0
UniRef90_N2AUH7,0
UniRef90_N2AUK9,0
UniRef90_N2AVC1,0
UniRef90_N2AVZ7,0
UniRef90_N2AW93,0
UniRef90_N2AWJ6,0
UniRef90_N2AWQ5,0
UniRef90_N2AWS4,0
UniRef90_N2AWS6,0
UniRef90_N2AX00,0
UniRef90_N2AX36,0
UniRef90_N2AXP6,0
UniRef90_N2AY84,0
UniRef90_N2AYG6,0
UniRef90_N2AYM3,0
UniRef90_N2AYR0,0
UniRef90_N2AYU6,0
UniRef90_N2AYV9,0
UniRef90_N2AYX7,0
UniRef90_N2AZE3,0
UniRef90_N2AZF5,0
UniRef90_N2B0E3,0
UniRef90_N2B0F3,0
UniRef90_N2B0K6,0
UniRef90_N2B0L7,0
UniRef90_N2B0Q3,0
UniRef90_N2B119,0
UniRef90_N2B146,0
UniRef90_N2B1D2,0
UniRef90_N2B1D3,0
UniRef90_N2B1E7,0
UniRef90_N2B1G4,0
UniRef90_N2B1I4,0
UniRef90_N2B1N4,0
UniRef90_N2B1T2,0
UniRef90_N2B1U4,0
UniRef90_N2B1Y5,0
UniRef90_N2B2G3,0
UniRef90_N2B2P4,0
UniRef90_N2B331,0
UniRef90_N2B3Q6,0
UniRef90_N2B4L3,0
UniRef90_N2B4M3,0
UniRef90_N2B544,0
UniRef90_N2B579,0
UniRef90_N2B5G4,0
UniRef90_N2B669,0
UniRef90_N2B6F9,0
UniRef90_N2B6J8,0
UniRef90_N2B6U5,0
UniRef90_N2B6W0,0
UniRef90_N2B6W5,0
UniRef90_N2B6Y6,0
UniRef90_N2B6Z0,0
UniRef90_N2B728,0
UniRef90_N2B774,0
UniRef90_N2B7H3,0
UniRef90_N2B7J4,0
UniRef90_N2B7Y7,0
UniRef90_N2B877,0
UniRef90_N2B8F4,0
UniRef90_N2B926,0
UniRef90_N2B947,0
UniRef90_N2B986,0
UniRef90_N2B988,0
UniRef90_N2B9R1,0
UniRef90_N2B9R7,0
UniRef90_N2BA20,0
UniRef90_N2BA37,0
UniRef90_N2BA98,0
UniRef90_N2BAC1,0
UniRef90_N2BAI9,0
UniRef90_N2BAJ4,0
UniRef90_N2BAW9,0
UniRef90_N2BAX8,0
UniRef90_N2BB76,0
UniRef90_N2BBE9,0
UniRef90_N2BBG5,0
UniRef90_N2BC19,0
UniRef90_N2BCH5,0
UniRef90_N2BCL9,0
UniRef90_N2BCN8,0
UniRef90_N2BCY4,0
UniRef90_N2BDN4,0
UniRef90_N2BE30,0
UniRef90_N2BE93,0
UniRef90_N2BEM2,0
UniRef90_Q1UYY9,0
UniRef90_Q5LES4,2.7.7.4
UniRef90_Q5LI34,0
UniRef90_Q64S46,0
UniRef90_Q64WL7,0
UniRef90_Q64WM1,0
UniRef90_Q650C6,0
UniRef90_Q650D2,0
UniRef90_Q7MXB9,0
UniRef90_Q7RAY2,0
UniRef90_Q9R086,0
UniRef90_R4YD95,0
UniRef90_R5D9A4,0
UniRef90_R5D9R1,0
UniRef90_R5D9X1,0
UniRef90_R5DAL8,0
UniRef90_R5DD71,0
UniRef90_R5DDL4,0
UniRef90_R5DEL5,2.5.1.55
UniRef90_R5DFP5,0
UniRef90_R5DGR1,0
UniRef90_R5DHY0,0
UniRef90_R5DHY5,0
UniRef90_R5DI39,0
UniRef90_R5DNU5,2.1.1.198
UniRef90_R5DP08,0
UniRef90_R5DQ67,0
UniRef90_R5DR75,0
UniRef90_R5RLI5,0
UniRef90_R6IFD4,3.5.1.25
UniRef90_R6IFJ0,0
UniRef90_R6JHP6,0
UniRef90_R6WPT3,6.2.1.30
UniRef90_R6WUD2,0
UniRef90_R6WUE4,0
UniRef90_R6WVW6,0
UniRef90_R6X0L0,0
UniRef90_R6X0M9,2.3.1.39
UniRef90_R6X3V2,0
UniRef90_R6X423,0
UniRef90_R6X4Q6,0
UniRef90_R6X531,0
UniRef90_R6X635,1.6.5.8
UniRef90_R6X650,0
UniRef90_R6X7P9,0
UniRef90_R6X9S8,0
UniRef90_R6XCJ4,0
UniRef90_R6Y4A6,0
UniRef90_R6Y551,0
UniRef90_R6Y6C8,0
UniRef90_R6Y919,0
UniRef90_R9HR76,0
UniRef90_R9I5S6,0
UniRef90_R9IDV4,0
UniRef90_S0GEH3,0
UniRef90_S0GHX2,0
UniRef90_S0GNF1,0
UniRef90_S0GUU4,0
UniRef90_T6RN53,0
UniRef90_UPI00046F0A02,0
UniRef90_V2PWN1,0
UniRef90_V2PWQ5,0
UniRef90_V2PWR9,0
UniRef90_V2PX63,0
UniRef90_V2PXS4,0
UniRef90_V2PXT0,0
UniRef90_V2PXV8,0
UniRef90_V2PXZ3,0
UniRef90_V2PY12,0
UniRef90_V2PYA4,0
UniRef90_V2PYB9,0
UniRef90_V2PYC3,0
UniRef90_V2PYF4,0
UniRef90_V2PYZ9,0
UniRef90_V2PZB3,0
UniRef90_V2Q099,0
UniRef90_V2Q0F2,2.1.1.33
UniRef90_V2Q0I5,0
UniRef90_V2Q0N2,0
UniRef90_V2Q0P8,3.6.1.27
UniRef90_V2Q0T6,6.3.2.6
UniRef90_V2Q1J4,0
UniRef90_V2Q1K1,0
UniRef90_V2Q1N2,3.4.25.2
UniRef90_V2Q282,0
UniRef90_V2Q2A3,0
UniRef90_V2Q379,0
UniRef90_V2Q4A1,0
UniRef90_V2Q4C7,3.6.3.14
UniRef90_V2Q7S6,0
UniRef90_V2Q7X9,0
UniRef90_V2Q7Z6,0
UniRef90_V2Q8P5,0
UniRef90_V2Q900,0
UniRef90_V2Q930,2.7.7.38
UniRef90_V2Q999,0
UniRef90_V2Q9H6,0
UniRef90_V2Q9J7,0
UniRef90_V2Q9L8,0
UniRef90_V2Q9M0,0
UniRef90_V2Q9X7,0
UniRef90_V2QA04,0
UniRef90_V2QA98,6.1.1.21
UniRef90_V2QAF7,0
UniRef90_V2QAN9,0
UniRef90_V2QAP1,0
UniRef90_V2QAS2,0
UniRef90_V2QB77,0
UniRef90_V2QB95,0
UniRef90_V2QBF2,0
UniRef90_V2QBK2,0
UniRef90_V2QBL0,0
UniRef90_V2QBL4,0
UniRef90_V2QBL6,0
UniRef90_V2QC22,0
UniRef90_V2QC51,2.3.3.13
UniRef90_V2QC67,0
UniRef90_V2QC70,0
UniRef90_V2QC75,0
UniRef90_V2QC83,0
UniRef90_V2QCY6,0
UniRef90_V2QCY9,3.5.1.88
UniRef90_V2QD13,2.7.7.8
UniRef90_V2QD47,0
UniRef90_V2QD83,0
UniRef90_V2QD98,0
UniRef90_V2QDB6,0
UniRef90_V2QDC5,0
UniRef90_V2QDE4,0
UniRef90_V2QDF3,0
UniRef90_V2QDG6,0
UniRef90_V2QDK4,0
UniRef90_V2QDM0,0
UniRef90_V2QDT4,0
UniRef90_V2QE00,0
UniRef90_V2QE23,0
UniRef90_V2QE28,0
UniRef90_V2QE99,0
UniRef90_V2QEC4,3.6.3.31
UniRef90_V2QED2,6.1.1.11
UniRef90_V2QEH8,0
UniRef90_V2QEI4,3.4.21.88
UniRef90_V2QEQ2,0
UniRef90_V2QET9,0
UniRef90_V2QEV7,0
UniRef90_V2QF47,0
UniRef90_V2QF72,0
UniRef90_V2QF92,0
UniRef90_V2QFG7,0
UniRef90_V2QFK0,0
UniRef90_V2QFW1,0
UniRef90_V2QFX7,1.17.1.8
UniRef90_V2QG85,0
UniRef90_V2QG90,0
UniRef90_V2QGI6,0
UniRef90_V2QGK8,0
UniRef90_V2QGY4,0
UniRef90_V2QGZ8,0
UniRef90_V2QH03,0
UniRef90_V2QH13,4.6.1.12
UniRef90_V2QH28,0
UniRef90_V2QH56,0
UniRef90_V2QH60,0
UniRef90_V2QHX3,0
UniRef90_V2QHX8,0
UniRef90_V2QI28,0
UniRef90_V2QIF3,0
UniRef90_V2QIH3,0
UniRef90_V2QIL1,0
UniRef90_V2RGT7,0
UniRef90_V2RGU2,0
UniRef90_V2RGV6,0
UniRef90_V2RGY2,0
UniRef90_V2RH00,0
UniRef90_V2RH15,0
UniRef90_V2RH62,0
UniRef90_V2RHK2,2.7.13.3
UniRef90_V2RHN0,0
UniRef90_V2RHR9,0
UniRef90_V2RI95,0
UniRef90_V2RIB5,5.4.2.10
UniRef90_V2RIC3,0
UniRef90_V2RIN6,0
UniRef90_V2RIW4,1.1.1.42
UniRef90_V2RIW8,0
UniRef90_V2RJ02,0
UniRef90_V2RJU1,0
UniRef90_V2RK08,0
UniRef90_V2RKZ5,0
UniRef90_V2RLD4,0
UniRef90_V2RLE8,4.1.1.65
UniRef90_V2RLF9,0
UniRef90_V2RLI0,0
UniRef90_V2RLI9,0
UniRef90_V2RLJ4,2.7.7.7
UniRef90_V2RML7,0
UniRef90_V2RMZ6,0
UniRef90_V2RN01,0
UniRef90_V2RQ29,0
UniRef90_V2RQ38,0
UniRef90_V2RQ89,0
UniRef90_W1AMI5,0
UniRef90_N4TX43,0
UniRef90_D6BA18,0
UniRef90_Q7R7N1,0
UniRef90_Q7R7J3,0
UniRef90_M9GY71,0
UniRef90_G8AM08,0
UniRef90_R6Z7L5,0
UniRef90_UPI00029CCAA7,0
UniRef90_Q7R7J7,0
UniRef90_J3QMM9,0
UniRef90_Q7R7L5,0
UniRef90_H1A173,0
UniRef90_E0TNF3,0
UniRef90_F9RN42,0
UniRef90_K9ID55,0
UniRef90_R0JLN7,0
UniRef90_R4FKG4,0
UniRef90_J3QN11,0
UniRef90_Q7R6T7,0
UniRef90_Q7R7I3,0
UniRef90_T7H614,0
UniRef90_A0A018PYZ0,0
UniRef90_UPI00037A19DB,0
UniRef90_J0KBV8,0
UniRef90_J0KKY8,0
UniRef90_L9J683,0
UniRef90_U9ZZU5,0
UniRef90_X2PD96,0
UniRef90_G7NHG1,0
UniRef90_Q65Q50,0
UniRef90_V1KJK7,0
UniRef90_T7RP32,0
UniRef90_A7ACA1,0
UniRef90_X8E632,0
UniRef90_R5I1F6,0
UniRef90_R5ZDU6,0
UniRef90_R6BIQ7,0
UniRef90_R6LQD2,0
UniRef90_R6QPY1,0
UniRef90_R7CQC5,0
UniRef90_R9K9D9,0
UniRef90_D4LGV2,0
UniRef90_C3WU81,0
UniRef90_E0S2J4,0
UniRef90_UPI000414A12D,0
UniRef90_D4J0J5,0
UniRef90_R5R286,0
UniRef90_S0IVA4,0
UniRef90_R6NDP6,0
UniRef90_D4M5L4,0
UniRef90_R5E8G9,0
UniRef90_R5T8G5,0
UniRef90_A9KMW6,0
UniRef90_D4MZZ9,0
UniRef90_F2JHM8,0
UniRef90_R5KZX7,0
UniRef90_R5VB31,0
UniRef90_R6JR95,0
UniRef90_R7B1Q8,0
UniRef90_C4G9S6,0
UniRef90_R5RM43,0
UniRef90_R5PG58,0
UniRef90_R5F418,0
UniRef90_Q4YL90,0
UniRef90_UPI00037D9ED4,0
UniRef90_E7I3E7,0
UniRef90_M2V1L1,0
UniRef90_F7YJA5,0
UniRef90_Q7R6T6,0
UniRef90_Q7R6U0,0
UniRef90_X7SAA2,0
UniRef90_X9PZF0,0
UniRef90_A0A031SAH6,0
UniRef90_B0NIM7,0
UniRef90_J7R875,0
UniRef90_U0E566,0
UniRef90_C0GJK3,0
UniRef90_C9YEF2,0
UniRef90_Q7R7J5,0
UniRef90_E4KXW9,0
UniRef90_Q4YGR4,0
